first_name;last_name;email;gender;age;car;job;favourite_film
Anthony;Piser;apiser0@phpbb.com;Male;51;Mazda;Electrical Engineer;Drama
Maje;Kobsch;mkobsch1@deliciousdays.com;Male;47;Opel;Actuary;Thriller
Bartholomeo;Slator;bslator2@ovh.net;Male;41;Renault;Systems Administrator I;Drama
Kassi;Upcott;kupcott3@jigsy.com;Female;44;Renault;Clinical Specialist;Drama
Jesus;Fulmen;jfulmen4@hatena.ne.jp;Male;36;Opel;Social Worker;Thriller
Tait;Breissan;tbreissan5@ihg.com;Male;32;Opel;VP Quality Control;Thriller
Hervey;Tytler;htytler6@symantec.com;Male;38;Renault;Food Chemist;Comedy
Bernadene;Gregorin;bgregorin7@deviantart.com;Female;37;Mazda;Nurse;Action
Malinda;Gannon;mgannon8@wunderground.com;Female;52;Opel;Quality Control Specialist;Comedy
Ricki;Dettmar;rdettmar9@jalbum.net;Male;39;Mazda;Associate Professor;Drama
Lew;Spelman;lspelmana@networksolutions.com;Male;28;Opel;Director of Sales;Drama
Eve;Barrar;ebarrarb@bloglines.com;Female;74;Mazda;Software Consultant;Action
Jemmy;Scargle;jscarglec@live.com;Female;46;Renault;Help Desk Operator;Thriller
Montgomery;Soane;msoaned@go.com;Male;22;Renault;Chemical Engineer;Thriller
Sharron;Toms;stomse@archive.org;Female;46;Renault;Account Executive;Action
Cynthy;Limbourne;climbournef@behance.net;Female;70;Renault;Quality Engineer;Thriller
Livvy;Sandom;lsandomg@com.com;Female;22;Opel;Chief Design Engineer;Comedy
Osbert;Collocott;ocollocotth@merriam-webster.com;Male;25;Opel;Help Desk Operator;Drama
Hildegarde;Sawday;hsawdayi@webnode.com;Female;23;Renault;Chemical Engineer;Thriller
Roderic;Flint;rflintj@youtube.com;Male;29;Renault;Account Representative II;Thriller
